,Date,HomeTeam,AwayTeam,FTHG,FTAG,FTR,B365H,B365D,B365A,HTGDBG,HTGDAG,ATGDBG,ATGDAG,HTPBG,HTPAG,ATPBG,ATPAG
0,10/08/12,Montpellier,Toulouse,1,1,D,1.83,3.4,4.5,0.0,0.0,0.0,0.0,0.0,1.0,0.0,1.0
1,11/08/12,Evian Thonon Gaillard,Bordeaux,2,3,A,2.75,3.2,2.6,0.0,-1.0,0.0,1.0,0.0,0.0,0.0,3.0
2,11/08/12,Nancy,Brest,1,0,H,2.1,3.2,3.6,0.0,1.0,0.0,-1.0,0.0,3.0,0.0,0.0
3,11/08/12,Nice,Ajaccio,0,1,A,1.91,3.25,4.33,0.0,-1.0,0.0,1.0,0.0,0.0,0.0,3.0
4,11/08/12,Paris SG,Lorient,2,2,D,1.33,4.75,10.0,0.0,0.0,0.0,0.0,0.0,1.0,0.0,1.0
5,11/08/12,Rennes,Lyon,0,1,A,2.5,3.0,3.0,0.0,-1.0,0.0,1.0,0.0,0.0,0.0,3.0
6,11/08/12,Sochaux,Bastia,2,3,A,2.2,3.2,3.4,0.0,-1.0,0.0,1.0,0.0,0.0,0.0,3.0
7,11/08/12,St Etienne,Lille,1,2,A,3.0,3.0,2.5,0.0,-1.0,0.0,1.0,0.0,0.0,0.0,3.0
8,11/08/12,Troyes,Valenciennes,0,1,A,2.4,3.1,3.1,,,0.0,1.0,,,0.0,3.0
9,12/08/12,Reims,Marseille,0,1,A,3.5,3.1,2.2,0.0,-1.0,0.0,1.0,0.0,0.0,0.0,3.0
10,17/08/12,Lille,Nancy,1,1,D,1.44,4.0,8.0,1.0,1.0,1.0,1.0,3.0,4.0,3.0,4.0
11,18/08/12,Bastia,Reims,2,1,H,1.7,3.5,5.25,1.0,2.0,-1.0,-2.0,3.0,6.0,0.0,0.0
12,18/08/12,Brest,Evian Thonon Gaillard,1,0,H,2.38,3.0,3.2,-1.0,0.0,-1.0,-2.0,0.0,3.0,0.0,0.0
13,18/08/12,Lorient,Montpellier,2,1,H,2.7,3.0,2.75,0.0,1.0,0.0,-1.0,1.0,4.0,1.0,1.0
14,18/08/12,Lyon,Troyes,4,1,H,1.44,4.2,7.5,1.0,4.0,,,3.0,6.0,,
15,18/08/12,Toulouse,St Etienne,2,1,H,2.15,3.0,3.75,0.0,1.0,-1.0,-2.0,1.0,4.0,0.0,0.0
16,18/08/12,Valenciennes,Nice,0,0,D,1.91,3.25,4.33,1.0,1.0,-1.0,-1.0,3.0,4.0,0.0,1.0
17,19/08/12,Ajaccio,Paris SG,0,0,D,6.0,3.6,1.62,1.0,1.0,0.0,0.0,3.0,4.0,1.0,2.0
18,19/08/12,Bordeaux,Rennes,1,0,H,2.1,3.1,3.75,1.0,2.0,-1.0,-2.0,3.0,6.0,0.0,0.0
19,19/08/12,Marseille,Sochaux,2,0,H,1.44,4.0,8.0,1.0,3.0,-1.0,-3.0,3.0,6.0,0.0,0.0
20,24/08/12,Evian Thonon Gaillard,Lyon,1,1,D,3.6,3.2,2.1,-2.0,-2.0,4.0,4.0,0.0,1.0,6.0,7.0
21,25/08/12,Nancy,Toulouse,0,1,A,2.38,3.1,3.1,1.0,0.0,1.0,2.0,4.0,4.0,4.0,7.0
22,25/08/12,Nice,Lille,2,2,D,4.0,3.2,2.0,-1.0,-1.0,1.0,1.0,1.0,2.0,4.0,5.0
23,25/08/12,Reims,Sochaux,1,0,H,2.15,3.2,3.5,-2.0,-1.0,-3.0,-4.0,0.0,3.0,0.0,0.0
24,25/08/12,Rennes,Bastia,3,2,H,1.83,3.4,4.5,-2.0,-1.0,2.0,1.0,0.0,3.0,6.0,6.0
25,25/08/12,Troyes,Lorient,2,2,D,2.6,3.0,2.9,,,1.0,1.0,,,4.0,5.0
26,25/08/12,Valenciennes,Ajaccio,3,0,H,1.83,3.25,4.75,1.0,4.0,1.0,-2.0,4.0,7.0,4.0,4.0
27,26/08/12,Montpellier,Marseille,0,1,A,2.3,3.1,3.2,-1.0,-2.0,3.0,4.0,1.0,1.0,6.0,9.0
28,26/08/12,Paris SG,Bordeaux,0,0,D,1.57,3.6,6.5,0.0,0.0,2.0,2.0,2.0,3.0,6.0,7.0
29,26/08/12,St Etienne,Brest,4,0,H,1.7,3.5,5.25,-2.0,2.0,0.0,-4.0,0.0,3.0,3.0,3.0
30,01/09/12,Ajaccio,Evian Thonon Gaillard,2,0,H,2.4,3.2,3.0,-2.0,0.0,-2.0,-4.0,4.0,7.0,1.0,1.0
31,01/09/12,Bastia,St Etienne,0,3,A,2.4,3.1,3.1,1.0,-2.0,2.0,5.0,6.0,6.0,3.0,6.0
32,01/09/12,Brest,Troyes,2,1,H,2.15,3.0,3.75,-4.0,-3.0,,,3.0,6.0,,
33,01/09/12,Lorient,Nancy,3,0,H,2.0,3.2,4.0,1.0,4.0,0.0,-3.0,5.0,8.0,4.0,4.0
34,01/09/12,Lyon,Valenciennes,3,2,H,1.62,3.75,5.5,4.0,5.0,4.0,3.0,7.0,10.0,7.0,7.0
35,01/09/12,Sochaux,Montpellier,1,3,A,3.6,3.1,2.15,-4.0,-6.0,-2.0,0.0,0.0,0.0,1.0,4.0
36,01/09/12,Toulouse,Reims,1,1,D,1.67,3.5,5.5,2.0,2.0,-1.0,-1.0,7.0,8.0,3.0,4.0
37,02/09/12,Bordeaux,Nice,1,1,D,1.62,3.6,6.0,2.0,2.0,-1.0,-1.0,7.0,8.0,2.0,3.0
38,02/09/12,Lille,Paris SG,1,2,A,2.7,3.25,2.6,1.0,0.0,0.0,1.0,5.0,5.0,3.0,6.0
39,02/09/12,Marseille,Rennes,3,1,H,1.91,3.25,4.2,4.0,6.0,-1.0,-3.0,9.0,12.0,3.0,3.0
40,14/09/12,Paris SG,Toulouse,2,0,H,1.4,4.2,9.0,1.0,3.0,2.0,0.0,6.0,9.0,8.0,8.0
41,14/09/12,Reims,Montpellier,3,1,H,3.4,3.0,2.3,-1.0,1.0,0.0,-2.0,4.0,7.0,4.0,4.0
42,15/09/12,Evian Thonon Gaillard,Bastia,3,0,H,2.3,3.2,3.2,-4.0,-1.0,-2.0,-5.0,1.0,4.0,6.0,6.0
43,15/09/12,Nice,Brest,4,2,H,2.0,3.2,4.0,-1.0,1.0,-3.0,-5.0,3.0,6.0,6.0,6.0
44,15/09/12,St Etienne,Sochaux,0,1,A,1.5,3.8,7.5,5.0,4.0,-6.0,-5.0,6.0,6.0,0.0,3.0
45,15/09/12,Troyes,Lille,1,1,D,4.0,3.2,2.0,,,0.0,0.0,,,5.0,6.0
46,15/09/12,Valenciennes,Bordeaux,0,0,D,2.63,3.0,2.88,3.0,3.0,2.0,2.0,7.0,8.0,8.0,9.0
47,16/09/12,Lyon,Ajaccio,2,0,H,1.44,4.2,7.5,5.0,7.0,0.0,-2.0,10.0,13.0,7.0,7.0
48,16/09/12,Nancy,Marseille,0,1,A,3.4,3.1,2.25,-3.0,-4.0,6.0,7.0,4.0,4.0,12.0,15.0
49,16/09/12,Rennes,Lorient,1,2,A,1.83,3.25,4.75,-3.0,-4.0,4.0,5.0,3.0,3.0,8.0,11.0
50,21/09/12,Montpellier,St Etienne,1,1,D,2.0,3.2,4.0,-2.0,-2.0,4.0,4.0,4.0,5.0,6.0,7.0
51,22/09/12,Bastia,Paris SG,0,4,A,5.25,3.6,1.67,-5.0,-9.0,3.0,7.0,6.0,6.0,9.0,12.0
52,22/09/12,Brest,Valenciennes,2,1,H,2.7,3.0,2.75,-5.0,-4.0,3.0,2.0,6.0,9.0,8.0,8.0
53,22/09/12,Lorient,Nice,1,1,D,1.91,3.3,4.2,5.0,5.0,1.0,1.0,11.0,12.0,6.0,7.0
54,22/09/12,Reims,Nancy,2,0,H,2.3,3.0,3.4,1.0,3.0,-4.0,-6.0,7.0,10.0,4.0,4.0
55,22/09/12,Sochaux,Troyes,3,1,H,2.2,3.2,3.4,-5.0,-3.0,,,3.0,6.0,,
56,22/09/12,Toulouse,Rennes,2,2,D,2.1,3.25,3.6,0.0,0.0,-4.0,-4.0,8.0,9.0,3.0,4.0
57,23/09/12,Bordeaux,Ajaccio,2,2,D,1.57,3.4,7.5,2.0,2.0,-2.0,-2.0,9.0,10.0,7.0,8.0
58,23/09/12,Lille,Lyon,1,1,D,2.1,3.3,3.5,0.0,0.0,7.0,7.0,6.0,7.0,13.0,14.0
59,23/09/12,Marseille,Evian Thonon Gaillard,1,0,H,1.4,4.5,8.0,7.0,8.0,-1.0,-2.0,15.0,18.0,4.0,4.0
60,28/09/12,Rennes,Lille,2,0,H,2.5,3.1,2.9,-4.0,-2.0,0.0,-2.0,4.0,7.0,7.0,7.0
61,29/09/12,Ajaccio,Brest,1,0,H,1.91,3.2,4.33,-2.0,-1.0,-4.0,-5.0,8.0,11.0,9.0,9.0
62,29/09/12,Evian Thonon Gaillard,Lorient,1,1,D,2.5,3.1,2.9,-2.0,-2.0,5.0,5.0,4.0,5.0,12.0,13.0
63,29/09/12,Nancy,Montpellier,0,2,A,3.2,3.0,2.4,-6.0,-8.0,-2.0,0.0,4.0,4.0,5.0,8.0
64,29/09/12,Nice,Bastia,2,2,D,2.2,3.0,3.6,1.0,1.0,-9.0,-9.0,7.0,8.0,6.0,7.0
65,29/09/12,Paris SG,Sochaux,2,0,H,1.2,6.0,15.0,7.0,9.0,-3.0,-5.0,12.0,15.0,6.0,6.0
66,29/09/12,Troyes,Toulouse,0,2,A,3.0,3.0,2.5,,,0.0,2.0,,,9.0,12.0
67,30/09/12,Lyon,Bordeaux,0,2,A,2.0,3.2,4.0,7.0,5.0,2.0,4.0,14.0,14.0,10.0,13.0
68,30/09/12,St Etienne,Reims,0,0,D,1.62,3.6,6.0,4.0,4.0,3.0,3.0,7.0,8.0,10.0,11.0
69,30/09/12,Valenciennes,Marseille,4,1,H,3.3,3.1,2.3,2.0,5.0,8.0,5.0,8.0,11.0,18.0,18.0
70,05/10/12,St Etienne,Nancy,4,0,H,1.62,3.5,6.5,4.0,8.0,-8.0,-12.0,8.0,11.0,4.0,4.0
71,06/10/12,Bastia,Troyes,3,2,H,1.75,3.4,5.0,-9.0,-8.0,,,7.0,10.0,,
72,06/10/12,Lille,Ajaccio,2,0,H,1.4,4.33,8.5,-2.0,0.0,-1.0,-3.0,7.0,10.0,11.0,11.0
73,06/10/12,Montpellier,Evian Thonon Gaillard,2,3,A,1.67,3.5,5.5,0.0,-1.0,-2.0,-1.0,8.0,8.0,5.0,8.0
74,06/10/12,Reims,Nice,3,1,H,2.2,3.1,3.5,3.0,5.0,1.0,-1.0,11.0,14.0,8.0,8.0
75,06/10/12,Sochaux,Rennes,0,1,A,3.1,3.1,2.38,-5.0,-6.0,-2.0,-1.0,6.0,6.0,7.0,10.0
76,06/10/12,Toulouse,Valenciennes,2,2,D,1.83,3.25,4.75,2.0,2.0,5.0,5.0,12.0,13.0,11.0,12.0
77,07/10/12,Brest,Bordeaux,1,1,D,3.75,3.0,2.15,-5.0,-5.0,4.0,4.0,9.0,10.0,13.0,14.0
78,07/10/12,Lorient,Lyon,1,1,D,2.8,3.1,2.6,5.0,5.0,5.0,5.0,13.0,14.0,14.0,15.0
79,07/10/12,Marseille,Paris SG,2,2,D,3.0,3.2,2.4,5.0,5.0,9.0,9.0,18.0,19.0,15.0,16.0
80,19/10/12,Bordeaux,Lille,1,1,D,2.25,3.0,3.5,4.0,4.0,0.0,0.0,14.0,15.0,10.0,11.0
81,20/10/12,Evian Thonon Gaillard,Toulouse,0,4,A,2.63,3.1,2.8,-1.0,-5.0,2.0,6.0,8.0,8.0,13.0,16.0
82,20/10/12,Nancy,Sochaux,1,1,D,1.91,3.2,4.33,-12.0,-12.0,-6.0,-6.0,4.0,5.0,6.0,7.0
83,20/10/12,Nice,St Etienne,1,1,D,2.8,3.1,2.6,-1.0,-1.0,8.0,8.0,8.0,9.0,11.0,12.0
84,20/10/12,Paris SG,Reims,1,0,H,1.2,6.5,13.0,9.0,10.0,5.0,4.0,16.0,19.0,14.0,14.0
85,20/10/12,Rennes,Montpellier,2,1,H,2.2,3.25,3.3,-1.0,0.0,-1.0,-2.0,10.0,13.0,8.0,8.0
86,20/10/12,Valenciennes,Lorient,6,1,H,2.1,3.2,3.6,5.0,10.0,5.0,0.0,12.0,15.0,14.0,14.0
87,21/10/12,Ajaccio,Bastia,0,0,D,2.3,3.2,3.2,-3.0,-3.0,-8.0,-8.0,11.0,12.0,10.0,11.0
88,21/10/12,Lyon,Brest,1,0,H,1.33,5.0,9.0,5.0,6.0,-5.0,-6.0,15.0,18.0,10.0,10.0
89,21/10/12,Troyes,Marseille,1,0,H,5.0,3.5,1.73,,,5.0,4.0,,,19.0,19.0
90,26/10/12,St Etienne,Rennes,2,0,H,2.05,3.1,4.0,8.0,10.0,0.0,-2.0,12.0,15.0,13.0,13.0
91,27/10/12,Lille,Valenciennes,2,1,H,1.57,3.6,6.5,0.0,1.0,10.0,9.0,11.0,14.0,15.0,15.0
92,27/10/12,Montpellier,Nice,3,1,H,1.7,3.5,5.25,-2.0,0.0,-1.0,-3.0,8.0,11.0,9.0,9.0
93,27/10/12,Nancy,Paris SG,0,1,A,7.5,3.75,1.5,-12.0,-13.0,10.0,11.0,5.0,5.0,19.0,22.0
94,27/10/12,Reims,Troyes,1,1,D,1.75,3.4,5.0,4.0,4.0,,,14.0,15.0,,
95,27/10/12,Toulouse,Brest,3,1,H,1.5,3.75,7.5,6.0,8.0,-6.0,-8.0,16.0,19.0,10.0,10.0
96,28/10/12,Bastia,Bordeaux,3,1,H,2.8,3.1,2.6,-8.0,-6.0,4.0,2.0,11.0,14.0,15.0,15.0
97,28/10/12,Lorient,Ajaccio,4,4,D,1.75,3.4,5.0,0.0,0.0,-3.0,-3.0,14.0,15.0,12.0,13.0
98,02/11/12,Brest,Lorient,2,0,H,3.1,3.1,2.4,-8.0,-6.0,0.0,-2.0,10.0,13.0,15.0,15.0
99,03/11/12,Evian Thonon Gaillard,Lille,0,2,A,3.6,3.2,2.1,-5.0,-7.0,1.0,3.0,8.0,8.0,14.0,17.0
100,03/11/12,Nice,Nancy,2,1,H,2.0,3.2,4.0,-3.0,-2.0,-13.0,-14.0,9.0,12.0,5.0,5.0
101,03/11/12,Paris SG,St Etienne,1,2,A,1.44,4.2,7.5,11.0,10.0,10.0,11.0,22.0,22.0,15.0,18.0
102,03/11/12,Rennes,Reims,1,0,H,1.62,3.6,6.0,-2.0,-1.0,4.0,3.0,13.0,16.0,15.0,15.0
103,03/11/12,Troyes,Montpellier,1,1,D,3.5,3.2,2.15,,,0.0,0.0,,,11.0,12.0
104,03/11/12,Valenciennes,Sochaux,3,1,H,1.57,3.75,6.0,9.0,11.0,-6.0,-8.0,15.0,18.0,7.0,7.0
105,04/11/12,Ajaccio,Marseille,0,2,A,3.6,3.2,2.1,-3.0,-5.0,4.0,6.0,13.0,13.0,19.0,22.0
106,04/11/12,Bordeaux,Toulouse,1,0,H,2.1,3.2,3.6,2.0,3.0,8.0,7.0,15.0,18.0,19.0,19.0
107,04/11/12,Lyon,Bastia,5,2,H,1.53,4.0,6.0,6.0,9.0,-6.0,-9.0,18.0,21.0,14.0,14.0
108,07/11/12,Sochaux,Evian Thonon Gaillard,2,1,H,2.5,3.2,2.88,-8.0,-7.0,-7.0,-8.0,7.0,10.0,8.0,8.0
109,09/11/12,Nancy,Rennes,1,3,A,3.25,3.1,2.3,-14.0,-16.0,-1.0,1.0,5.0,5.0,16.0,19.0
110,10/11/12,Bastia,Valenciennes,2,3,A,2.3,3.4,3.0,-9.0,-10.0,11.0,12.0,14.0,14.0,18.0,21.0
111,10/11/12,Lille,Brest,1,0,H,1.33,4.75,10.0,3.0,4.0,-6.0,-7.0,17.0,20.0,13.0,13.0
112,10/11/12,Reims,Evian Thonon Gaillard,1,2,A,2.2,3.1,3.5,3.0,2.0,-8.0,-7.0,15.0,15.0,8.0,11.0
113,10/11/12,St Etienne,Troyes,2,0,H,1.4,4.33,8.5,11.0,13.0,,,18.0,21.0,,
114,10/11/12,Toulouse,Ajaccio,2,4,A,1.57,3.6,6.5,7.0,5.0,-5.0,-3.0,19.0,19.0,13.0,16.0
115,11/11/12,Lorient,Bordeaux,0,4,A,2.4,3.1,3.1,-2.0,-6.0,3.0,7.0,15.0,15.0,18.0,21.0
116,11/11/12,Marseille,Nice,2,2,D,1.4,4.33,8.5,6.0,6.0,-2.0,-2.0,22.0,23.0,12.0,13.0
117,11/11/12,Montpellier,Paris SG,1,1,D,3.25,3.25,2.25,0.0,0.0,10.0,10.0,12.0,13.0,22.0,23.0
118,11/11/12,Sochaux,Lyon,1,1,D,4.5,3.4,1.83,-7.0,-7.0,9.0,9.0,10.0,11.0,21.0,22.0
119,16/11/12,Lorient,Lille,2,0,H,3.1,3.1,2.4,-6.0,-4.0,4.0,2.0,15.0,18.0,20.0,20.0
120,17/11/12,Ajaccio,Sochaux,0,1,A,1.83,3.25,4.75,-3.0,-4.0,-7.0,-6.0,16.0,16.0,11.0,14.0
121,17/11/12,Brest,Bastia,3,0,H,2.5,3.1,2.9,-7.0,-4.0,-10.0,-13.0,13.0,16.0,14.0,14.0
122,17/11/12,Evian Thonon Gaillard,St Etienne,2,2,D,3.6,3.2,2.1,-7.0,-7.0,13.0,13.0,11.0,12.0,21.0,22.0
123,17/11/12,Paris SG,Rennes,1,2,A,1.55,3.8,6.5,10.0,9.0,1.0,2.0,23.0,23.0,19.0,22.0
124,17/11/12,Troyes,Nancy,3,3,D,2.38,3.0,3.25,,,-16.0,-16.0,,,5.0,6.0
125,17/11/12,Valenciennes,Montpellier,1,1,D,2.1,3.25,3.6,12.0,12.0,0.0,0.0,21.0,22.0,13.0,14.0
126,18/11/12,Bordeaux,Marseille,1,0,H,2.3,3.1,3.25,7.0,8.0,6.0,5.0,21.0,24.0,23.0,23.0
127,18/11/12,Lyon,Reims,3,0,H,1.4,4.33,8.5,9.0,12.0,2.0,-1.0,22.0,25.0,15.0,15.0
128,18/11/12,Nice,Toulouse,1,0,H,2.63,3.0,2.88,-2.0,-1.0,5.0,4.0,13.0,16.0,19.0,19.0
129,23/11/12,St Etienne,Valenciennes,1,0,H,1.8,3.5,4.5,13.0,14.0,12.0,11.0,22.0,25.0,22.0,22.0
130,24/11/12,Bastia,Lorient,2,1,H,2.4,3.3,2.9,-13.0,-12.0,-4.0,-5.0,14.0,17.0,18.0,18.0
131,24/11/12,Nancy,Ajaccio,1,1,D,2.3,3.1,3.3,-16.0,-16.0,-4.0,-4.0,6.0,7.0,16.0,17.0
132,24/11/12,Paris SG,Troyes,4,0,H,1.18,6.5,15.0,9.0,13.0,,,23.0,26.0,,
133,24/11/12,Reims,Brest,0,0,D,2.1,3.1,3.75,-1.0,-1.0,-4.0,-4.0,15.0,16.0,16.0,17.0
134,24/11/12,Rennes,Evian Thonon Gaillard,0,1,A,1.67,3.6,5.5,2.0,1.0,-7.0,-6.0,22.0,22.0,12.0,15.0
135,24/11/12,Sochaux,Nice,0,1,A,2.38,3.1,3.1,-6.0,-7.0,-1.0,0.0,14.0,14.0,16.0,19.0
136,25/11/12,Marseille,Lille,1,0,H,2.3,3.1,3.3,5.0,6.0,2.0,1.0,23.0,26.0,20.0,20.0
137,25/11/12,Montpellier,Bordeaux,1,0,H,2.4,3.0,3.2,0.0,1.0,8.0,7.0,14.0,17.0,24.0,24.0
138,25/11/12,Toulouse,Lyon,3,0,H,2.5,3.1,2.9,4.0,7.0,12.0,9.0,19.0,22.0,25.0,25.0
139,28/11/12,Marseille,Lyon,1,4,A,2.2,3.2,3.4,6.0,3.0,9.0,12.0,26.0,26.0,25.0,28.0
140,30/11/12,Ajaccio,St Etienne,0,0,D,3.1,3.1,2.4,-4.0,-4.0,14.0,14.0,17.0,18.0,25.0,26.0
141,01/12/12,Bordeaux,Sochaux,2,2,D,1.44,4.2,7.5,7.0,7.0,-7.0,-7.0,24.0,25.0,14.0,15.0
142,01/12/12,Evian Thonon Gaillard,Nancy,1,1,D,2.1,3.2,3.6,-6.0,-6.0,-16.0,-16.0,15.0,16.0,7.0,8.0
143,01/12/12,Lille,Bastia,0,0,D,1.4,4.5,8.0,1.0,1.0,-12.0,-12.0,20.0,21.0,17.0,18.0
144,01/12/12,Lyon,Montpellier,1,0,H,1.83,3.4,4.5,12.0,13.0,1.0,0.0,28.0,31.0,17.0,17.0
145,01/12/12,Nice,Paris SG,2,1,H,4.75,3.4,1.8,0.0,1.0,13.0,12.0,19.0,22.0,26.0,26.0
146,01/12/12,Valenciennes,Reims,1,0,H,1.62,3.75,5.5,11.0,12.0,-1.0,-2.0,22.0,25.0,16.0,16.0
147,02/12/12,Brest,Marseille,1,2,A,3.25,3.2,2.25,-4.0,-5.0,3.0,4.0,17.0,17.0,26.0,29.0
148,02/12/12,Lorient,Toulouse,1,0,H,2.4,3.2,3.0,-5.0,-4.0,7.0,6.0,18.0,21.0,22.0,22.0
149,02/12/12,Troyes,Rennes,2,3,A,3.6,3.2,2.1,,,1.0,2.0,,,22.0,25.0
150,07/12/12,Toulouse,Bastia,0,0,D,1.65,3.6,5.5,6.0,6.0,-12.0,-12.0,22.0,23.0,18.0,19.0
151,08/12/12,Montpellier,Ajaccio,3,0,H,1.62,3.6,6.0,0.0,3.0,-4.0,-7.0,17.0,20.0,18.0,18.0
152,08/12/12,Nancy,Valenciennes,1,1,D,2.8,3.1,2.6,-16.0,-16.0,12.0,12.0,8.0,9.0,25.0,26.0
153,08/12/12,Paris SG,Evian Thonon Gaillard,4,0,H,1.22,6.0,13.0,12.0,16.0,-6.0,-10.0,26.0,29.0,16.0,16.0
154,08/12/12,Rennes,Brest,2,2,D,1.62,3.5,6.5,2.0,2.0,-5.0,-5.0,25.0,26.0,17.0,18.0
155,08/12/12,Sochaux,Lille,1,1,D,4.2,3.2,1.95,-7.0,-7.0,1.0,1.0,15.0,16.0,21.0,22.0
156,08/12/12,Troyes,Nice,1,1,D,2.8,3.0,2.7,,,1.0,1.0,,,22.0,23.0
157,09/12/12,Marseille,Lorient,0,3,A,1.62,3.6,6.0,4.0,1.0,-4.0,-1.0,29.0,29.0,21.0,24.0
158,09/12/12,Reims,Bordeaux,0,0,D,3.4,3.1,2.25,-2.0,-2.0,7.0,7.0,16.0,17.0,25.0,26.0
159,09/12/12,St Etienne,Lyon,0,1,A,2.05,3.2,3.75,14.0,13.0,13.0,14.0,26.0,26.0,31.0,34.0
160,11/12/12,Lille,Toulouse,2,0,H,1.73,3.4,5.25,1.0,3.0,6.0,4.0,22.0,25.0,23.0,23.0
161,11/12/12,Nice,Rennes,1,0,H,2.3,3.1,3.25,1.0,2.0,2.0,1.0,23.0,26.0,26.0,26.0
162,11/12/12,Valenciennes,Paris SG,0,4,A,4.33,3.5,1.83,12.0,8.0,16.0,20.0,26.0,26.0,29.0,32.0
163,12/12/12,Ajaccio,Reims,2,0,H,1.8,3.3,4.75,-7.0,-5.0,-2.0,-4.0,18.0,21.0,17.0,17.0
164,12/12/12,Bastia,Marseille,1,2,A,3.5,3.2,2.15,-12.0,-13.0,1.0,2.0,19.0,19.0,29.0,32.0
165,12/12/12,Brest,Montpellier,1,2,A,3.0,3.0,2.5,-5.0,-6.0,3.0,4.0,18.0,18.0,20.0,23.0
166,12/12/12,Evian Thonon Gaillard,Troyes,2,0,H,1.83,3.4,4.5,-10.0,-8.0,,,16.0,19.0,,
167,12/12/12,Lorient,Sochaux,2,0,H,1.67,3.5,5.5,-1.0,1.0,-7.0,-9.0,24.0,27.0,16.0,16.0
168,12/12/12,Lyon,Nancy,1,1,D,1.4,4.5,8.0,14.0,14.0,-16.0,-16.0,34.0,35.0,9.0,10.0
169,13/12/12,Bordeaux,St Etienne,0,0,D,2.0,3.2,4.0,7.0,7.0,13.0,13.0,26.0,27.0,26.0,27.0
170,14/12/12,Rennes,Valenciennes,2,0,H,2.0,3.3,3.8,1.0,3.0,8.0,6.0,26.0,29.0,26.0,26.0
171,15/12/12,Montpellier,Bastia,4,0,H,1.62,3.75,5.5,4.0,8.0,-13.0,-17.0,23.0,26.0,19.0,19.0
172,15/12/12,Nice,Evian Thonon Gaillard,3,2,H,1.91,3.3,4.2,2.0,3.0,-8.0,-9.0,26.0,29.0,19.0,19.0
173,15/12/12,Reims,Lille,1,1,D,4.75,3.25,1.83,-4.0,-4.0,3.0,3.0,17.0,18.0,25.0,26.0
174,15/12/12,Sochaux,Brest,1,2,A,2.2,3.1,3.5,-9.0,-10.0,-6.0,-5.0,16.0,16.0,18.0,21.0
175,15/12/12,Toulouse,Marseille,0,1,A,2.63,3.1,2.75,4.0,3.0,2.0,3.0,23.0,23.0,32.0,35.0
176,15/12/12,Troyes,Ajaccio,3,2,H,2.4,3.1,3.1,,,-5.0,-6.0,,,21.0,21.0
177,16/12/12,Nancy,Bordeaux,1,1,D,3.3,3.2,2.25,-16.0,-16.0,7.0,7.0,10.0,11.0,27.0,28.0
178,16/12/12,Paris SG,Lyon,1,0,H,1.62,3.75,5.5,20.0,21.0,14.0,13.0,32.0,35.0,35.0,35.0
179,16/12/12,St Etienne,Lorient,0,2,A,1.73,3.3,5.5,13.0,11.0,1.0,3.0,27.0,27.0,27.0,30.0
180,21/12/12,Brest,Paris SG,0,3,A,7.5,4.1,1.44,-5.0,-8.0,21.0,24.0,21.0,21.0,35.0,38.0
181,22/12/12,Ajaccio,Rennes,2,4,A,2.88,3.0,2.63,-6.0,-8.0,3.0,5.0,21.0,21.0,29.0,32.0
182,22/12/12,Bastia,Nancy,4,2,H,2.5,3.1,2.9,-17.0,-15.0,-16.0,-18.0,19.0,22.0,11.0,11.0
183,22/12/12,Bordeaux,Troyes,0,0,D,1.4,4.33,8.5,7.0,7.0,,,28.0,29.0,,
184,22/12/12,Lille,Montpellier,4,1,H,2.0,3.2,4.0,3.0,6.0,8.0,5.0,26.0,29.0,26.0,26.0
185,22/12/12,Lorient,Reims,2,2,D,1.5,3.75,7.5,3.0,3.0,-4.0,-4.0,30.0,31.0,18.0,19.0
186,22/12/12,Lyon,Nice,3,0,H,1.62,3.6,6.0,13.0,16.0,3.0,0.0,35.0,38.0,29.0,29.0
187,23/12/12,Marseille,St Etienne,1,0,H,1.83,3.4,4.5,3.0,4.0,11.0,10.0,35.0,38.0,27.0,27.0
188,23/12/12,Toulouse,Sochaux,2,0,H,1.62,3.5,6.5,3.0,5.0,-10.0,-12.0,23.0,26.0,16.0,16.0
189,23/12/12,Valenciennes,Evian Thonon Gaillard,2,1,H,1.8,3.5,4.5,6.0,7.0,-9.0,-10.0,26.0,29.0,19.0,19.0
190,11/01/13,Paris SG,Ajaccio,0,0,D,1.14,7.5,17.0,24.0,24.0,-8.0,-8.0,38.0,39.0,21.0,22.0
191,11/01/13,St Etienne,Toulouse,2,2,D,2.0,3.2,4.0,10.0,10.0,5.0,5.0,27.0,28.0,26.0,27.0
192,12/01/13,Evian Thonon Gaillard,Brest,0,2,A,1.83,3.4,4.5,-10.0,-12.0,-8.0,-6.0,19.0,19.0,21.0,24.0
193,12/01/13,Montpellier,Lorient,2,0,H,1.85,3.4,4.33,5.0,7.0,3.0,1.0,26.0,29.0,31.0,31.0
194,12/01/13,Nancy,Lille,2,2,D,4.0,3.2,2.0,-18.0,-18.0,6.0,6.0,11.0,12.0,29.0,30.0
195,12/01/13,Rennes,Bordeaux,0,2,A,2.3,3.1,3.3,5.0,3.0,7.0,9.0,32.0,32.0,29.0,32.0
196,12/01/13,Troyes,Lyon,1,2,A,4.33,3.25,1.91,,,16.0,17.0,,,38.0,41.0
197,13/01/13,Nice,Valenciennes,5,0,H,2.0,3.3,3.75,0.0,5.0,7.0,2.0,29.0,32.0,29.0,29.0
198,13/01/13,Reims,Bastia,1,2,A,2.25,3.1,3.4,-4.0,-5.0,-15.0,-14.0,19.0,19.0,22.0,25.0
199,13/01/13,Sochaux,Marseille,3,1,H,4.75,3.25,1.83,-12.0,-10.0,4.0,2.0,16.0,19.0,38.0,38.0
200,18/01/13,Lyon,Evian Thonon Gaillard,0,0,D,1.36,4.75,8.5,17.0,17.0,-12.0,-12.0,41.0,42.0,19.0,20.0
201,19/01/13,Ajaccio,Valenciennes,1,1,D,2.6,3.1,2.8,-8.0,-8.0,2.0,2.0,22.0,23.0,29.0,30.0
202,19/01/13,Brest,St Etienne,0,1,A,3.4,3.2,2.2,-6.0,-7.0,10.0,11.0,24.0,24.0,28.0,31.0
203,19/01/13,Lorient,Troyes,3,2,H,1.57,3.75,6.0,1.0,2.0,,,31.0,34.0,,
204,19/01/13,Marseille,Montpellier,3,2,H,1.85,3.4,4.33,2.0,3.0,7.0,6.0,38.0,41.0,29.0,29.0
205,19/01/13,Sochaux,Reims,1,0,H,2.1,3.25,3.5,-10.0,-9.0,-5.0,-6.0,19.0,22.0,19.0,19.0
206,19/01/13,Toulouse,Nancy,2,1,H,1.57,3.8,6.0,5.0,6.0,-18.0,-19.0,27.0,30.0,12.0,12.0
207,20/01/13,Bastia,Rennes,0,2,A,3.0,3.2,2.4,-14.0,-16.0,3.0,5.0,25.0,25.0,32.0,35.0
208,20/01/13,Bordeaux,Paris SG,0,1,A,4.0,3.2,2.0,9.0,8.0,24.0,25.0,32.0,32.0,39.0,42.0
209,20/01/13,Lille,Nice,0,2,A,1.67,3.5,5.5,6.0,4.0,5.0,7.0,30.0,30.0,32.0,35.0
210,25/01/13,Valenciennes,Lyon,0,2,A,3.1,3.2,2.3,2.0,0.0,17.0,19.0,30.0,30.0,42.0,45.0
211,26/01/13,Evian Thonon Gaillard,Ajaccio,1,1,D,2.0,3.2,4.0,-12.0,-12.0,-8.0,-8.0,20.0,21.0,23.0,24.0
212,26/01/13,Montpellier,Sochaux,2,0,H,1.44,4.0,8.0,6.0,8.0,-9.0,-11.0,29.0,32.0,22.0,22.0
213,26/01/13,Nancy,Lorient,2,1,H,2.63,3.0,2.88,-19.0,-18.0,2.0,1.0,12.0,15.0,34.0,34.0
214,26/01/13,Reims,Toulouse,1,1,D,3.2,3.0,2.38,-6.0,-6.0,6.0,6.0,19.0,20.0,30.0,31.0
215,26/01/13,Rennes,Marseille,2,2,D,2.6,3.1,2.8,5.0,5.0,3.0,3.0,35.0,36.0,41.0,42.0
216,26/01/13,Troyes,Brest,2,1,H,2.0,3.2,4.0,,,-7.0,-8.0,,,24.0,24.0
217,27/01/13,Nice,Bordeaux,0,1,A,2.38,3.0,3.2,7.0,6.0,8.0,9.0,35.0,35.0,32.0,35.0
218,27/01/13,Paris SG,Lille,1,0,H,1.5,4.0,7.0,25.0,26.0,4.0,3.0,42.0,45.0,30.0,30.0
219,27/01/13,St Etienne,Bastia,3,0,H,1.53,3.8,6.5,11.0,14.0,-16.0,-19.0,31.0,34.0,25.0,25.0
220,01/02/13,Toulouse,Paris SG,0,4,A,5.0,3.25,1.8,6.0,2.0,26.0,30.0,31.0,31.0,45.0,48.0
221,02/02/13,Bastia,Evian Thonon Gaillard,0,0,D,2.75,3.1,2.63,-19.0,-19.0,-12.0,-12.0,25.0,26.0,21.0,22.0
222,02/02/13,Bordeaux,Valenciennes,2,0,H,1.75,3.4,5.0,9.0,11.0,0.0,-2.0,35.0,38.0,30.0,30.0
223,02/02/13,Brest,Nice,0,2,A,3.4,3.0,2.3,-8.0,-10.0,6.0,8.0,24.0,24.0,35.0,38.0
224,02/02/13,Lille,Troyes,1,1,D,1.4,4.5,8.0,3.0,3.0,,,30.0,31.0,,
225,02/02/13,Lorient,Rennes,2,2,D,2.4,3.2,3.0,1.0,1.0,5.0,5.0,34.0,35.0,36.0,37.0
226,02/02/13,Sochaux,St Etienne,1,2,A,3.6,3.1,2.15,-11.0,-12.0,14.0,15.0,22.0,22.0,34.0,37.0
227,03/02/13,Ajaccio,Lyon,3,1,H,3.75,3.3,2.0,-8.0,-6.0,19.0,17.0,24.0,27.0,45.0,45.0
228,03/02/13,Marseille,Nancy,0,1,A,1.44,4.2,7.5,3.0,2.0,-18.0,-17.0,42.0,42.0,15.0,18.0
229,03/02/13,Montpellier,Reims,3,1,H,1.44,4.1,8.0,8.0,10.0,-6.0,-8.0,32.0,35.0,20.0,20.0
230,08/02/13,Paris SG,Bastia,3,1,H,1.17,7.0,15.0,30.0,32.0,-19.0,-21.0,48.0,51.0,26.0,26.0
231,09/02/13,Ajaccio,Bordeaux,1,0,H,3.2,3.0,2.4,-6.0,-5.0,11.0,10.0,27.0,30.0,38.0,38.0
232,09/02/13,Nancy,Reims,1,2,A,1.91,3.3,4.2,-17.0,-18.0,-8.0,-7.0,18.0,18.0,20.0,23.0
233,09/02/13,Nice,Lorient,1,1,D,2.0,3.2,4.0,8.0,8.0,1.0,1.0,38.0,39.0,35.0,36.0
234,09/02/13,St Etienne,Montpellier,4,1,H,2.0,3.2,4.0,15.0,18.0,10.0,7.0,37.0,40.0,35.0,35.0
235,09/02/13,Troyes,Sochaux,0,0,D,1.95,3.2,4.2,,,-12.0,-12.0,,,22.0,23.0
236,09/02/13,Valenciennes,Brest,2,1,H,1.62,3.75,5.5,-2.0,-1.0,-10.0,-11.0,30.0,33.0,24.0,24.0
237,10/02/13,Evian Thonon Gaillard,Marseille,1,1,D,3.5,3.2,2.15,-12.0,-12.0,2.0,2.0,22.0,23.0,42.0,43.0
238,10/02/13,Lyon,Lille,1,3,A,2.0,3.3,3.8,17.0,15.0,3.0,5.0,45.0,45.0,31.0,34.0
239,10/02/13,Rennes,Toulouse,2,0,H,2.1,3.2,3.6,5.0,7.0,2.0,0.0,37.0,40.0,31.0,31.0
240,15/02/13,Lille,Rennes,2,0,H,1.91,3.2,4.5,5.0,7.0,7.0,5.0,34.0,37.0,40.0,40.0
241,16/02/13,Bastia,Nice,0,1,A,2.5,3.1,2.9,-21.0,-22.0,8.0,9.0,26.0,26.0,39.0,42.0
242,16/02/13,Brest,Ajaccio,1,1,D,2.5,3.0,3.0,-11.0,-11.0,-5.0,-5.0,24.0,25.0,30.0,31.0
243,16/02/13,Lorient,Evian Thonon Gaillard,2,1,H,1.83,3.4,4.5,1.0,2.0,-12.0,-13.0,36.0,39.0,23.0,23.0
244,16/02/13,Marseille,Valenciennes,1,0,H,1.57,3.8,6.0,2.0,3.0,-1.0,-2.0,43.0,46.0,33.0,33.0
245,16/02/13,Montpellier,Nancy,1,0,H,1.5,4.0,7.0,7.0,8.0,-18.0,-19.0,35.0,38.0,18.0,18.0
246,16/02/13,Toulouse,Troyes,2,2,D,1.73,3.5,5.0,0.0,0.0,,,31.0,32.0,,
247,17/02/13,Bordeaux,Lyon,0,4,A,2.3,3.0,3.4,10.0,6.0,15.0,19.0,38.0,38.0,45.0,48.0
248,17/02/13,Reims,St Etienne,1,1,D,4.0,3.1,2.05,-7.0,-7.0,18.0,18.0,23.0,24.0,40.0,41.0
249,17/02/13,Sochaux,Paris SG,3,2,H,7.5,4.2,1.44,-12.0,-11.0,32.0,31.0,23.0,26.0,51.0,51.0
250,22/02/13,Nice,Reims,2,0,H,1.62,3.6,6.0,9.0,11.0,-7.0,-9.0,42.0,45.0,24.0,24.0
251,23/02/13,Ajaccio,Lille,1,3,A,3.5,3.1,2.2,-5.0,-7.0,7.0,9.0,31.0,31.0,37.0,40.0
252,23/02/13,Evian Thonon Gaillard,Montpellier,0,1,A,2.9,3.1,2.5,-13.0,-14.0,8.0,9.0,23.0,23.0,38.0,41.0
253,23/02/13,Nancy,St Etienne,0,3,A,3.5,3.1,2.2,-19.0,-22.0,18.0,21.0,18.0,18.0,41.0,44.0
254,23/02/13,Rennes,Sochaux,2,2,D,1.62,3.6,6.0,5.0,5.0,-11.0,-11.0,40.0,41.0,26.0,27.0
255,23/02/13,Troyes,Bastia,0,0,D,2.0,3.25,3.9,,,-22.0,-22.0,,,26.0,27.0
256,23/02/13,Valenciennes,Toulouse,0,0,D,2.3,3.1,3.3,-2.0,-2.0,0.0,0.0,33.0,34.0,32.0,33.0
257,24/02/13,Bordeaux,Brest,0,2,A,1.44,4.0,8.0,6.0,4.0,-11.0,-9.0,38.0,38.0,25.0,28.0
258,24/02/13,Lyon,Lorient,3,1,H,1.67,3.5,5.5,19.0,21.0,2.0,0.0,48.0,51.0,39.0,39.0
259,24/02/13,Paris SG,Marseille,2,0,H,1.5,3.8,7.5,31.0,33.0,3.0,1.0,51.0,54.0,46.0,46.0
260,01/03/13,Montpellier,Rennes,2,0,H,2.0,3.2,4.0,9.0,11.0,5.0,3.0,41.0,44.0,41.0,41.0
261,02/03/13,Bastia,Ajaccio,1,0,H,2.25,3.2,3.3,-22.0,-21.0,-7.0,-8.0,27.0,30.0,31.0,31.0
262,02/03/13,Lorient,Valenciennes,1,1,D,1.91,3.2,4.33,0.0,0.0,-2.0,-2.0,39.0,40.0,34.0,35.0
263,02/03/13,Reims,Paris SG,1,0,H,7.0,4.0,1.5,-9.0,-8.0,33.0,32.0,24.0,27.0,54.0,54.0
264,02/03/13,Sochaux,Nancy,1,2,A,2.05,3.2,3.8,-11.0,-12.0,-22.0,-21.0,27.0,27.0,18.0,21.0
265,02/03/13,St Etienne,Nice,4,0,H,1.75,3.4,5.0,21.0,25.0,11.0,7.0,44.0,47.0,45.0,45.0
266,02/03/13,Toulouse,Evian Thonon Gaillard,0,0,D,1.8,3.4,4.75,0.0,0.0,-14.0,-14.0,33.0,34.0,23.0,24.0
267,03/03/13,Brest,Lyon,1,1,D,4.5,3.3,1.85,-9.0,-9.0,21.0,21.0,28.0,29.0,51.0,52.0
268,03/03/13,Lille,Bordeaux,2,1,H,1.91,3.1,4.6,9.0,10.0,4.0,3.0,40.0,43.0,38.0,38.0
269,03/03/13,Marseille,Troyes,2,1,H,1.44,4.1,8.0,1.0,2.0,,,46.0,49.0,,
270,08/03/13,Rennes,St Etienne,2,2,D,2.75,3.2,2.6,3.0,3.0,25.0,25.0,41.0,42.0,47.0,48.0
271,09/03/13,Ajaccio,Lorient,1,0,H,2.88,3.0,2.63,-8.0,-7.0,0.0,-1.0,31.0,34.0,40.0,40.0
272,09/03/13,Brest,Toulouse,0,1,A,2.88,3.0,2.6,-9.0,-10.0,0.0,1.0,29.0,29.0,34.0,37.0
273,09/03/13,Evian Thonon Gaillard,Sochaux,5,1,H,2.1,3.2,3.6,-14.0,-10.0,-12.0,-16.0,24.0,27.0,27.0,27.0
274,09/03/13,Paris SG,Nancy,2,1,H,1.18,6.5,15.0,32.0,33.0,-21.0,-22.0,54.0,57.0,21.0,21.0
275,09/03/13,Troyes,Reims,4,2,H,2.05,3.2,3.75,,,-8.0,-10.0,,,27.0,27.0
276,09/03/13,Valenciennes,Lille,1,3,A,3.4,3.2,2.2,-2.0,-4.0,10.0,12.0,35.0,35.0,43.0,46.0
277,10/03/13,Bordeaux,Bastia,1,0,H,1.44,4.0,8.0,3.0,4.0,-21.0,-22.0,38.0,41.0,30.0,30.0
278,10/03/13,Lyon,Marseille,0,0,D,2.15,3.3,3.4,21.0,21.0,2.0,2.0,52.0,53.0,49.0,50.0
279,10/03/13,Nice,Montpellier,2,0,H,2.5,3.1,2.9,7.0,9.0,11.0,9.0,45.0,48.0,44.0,44.0
280,15/03/13,Marseille,Ajaccio,0,0,D,1.44,4.0,8.0,2.0,2.0,-7.0,-7.0,50.0,51.0,34.0,35.0
281,16/03/13,Bastia,Lyon,4,1,H,4.0,3.2,2.0,-22.0,-19.0,21.0,18.0,30.0,33.0,53.0,53.0
282,16/03/13,Lille,Evian Thonon Gaillard,1,2,A,1.44,4.1,8.0,12.0,11.0,-10.0,-9.0,46.0,46.0,27.0,30.0
283,16/03/13,Lorient,Brest,4,0,H,1.62,3.6,6.0,-1.0,3.0,-10.0,-14.0,40.0,43.0,29.0,29.0
284,16/03/13,Montpellier,Troyes,1,1,D,1.45,4.0,8.0,9.0,9.0,,,44.0,45.0,,
285,16/03/13,Reims,Rennes,1,0,H,2.88,3.0,2.63,-10.0,-9.0,3.0,2.0,27.0,30.0,42.0,42.0
286,16/03/13,Sochaux,Valenciennes,1,1,D,2.4,3.1,3.1,-16.0,-16.0,-4.0,-4.0,27.0,28.0,35.0,36.0
287,17/03/13,Nancy,Nice,1,0,H,2.9,3.0,2.6,-22.0,-21.0,9.0,8.0,21.0,24.0,48.0,48.0
288,17/03/13,St Etienne,Paris SG,2,2,D,3.0,3.0,2.5,25.0,25.0,33.0,33.0,48.0,49.0,57.0,58.0
289,17/03/13,Toulouse,Bordeaux,0,0,D,2.4,3.0,3.2,1.0,1.0,4.0,4.0,37.0,38.0,41.0,42.0
290,29/03/13,Paris SG,Montpellier,1,0,H,1.57,3.8,6.0,33.0,34.0,9.0,8.0,58.0,61.0,45.0,45.0
291,30/03/13,Ajaccio,Toulouse,2,3,A,2.7,2.9,2.88,-7.0,-8.0,1.0,2.0,35.0,35.0,38.0,41.0
292,30/03/13,Bordeaux,Lorient,1,1,D,1.85,3.2,4.75,4.0,4.0,3.0,3.0,42.0,43.0,43.0,44.0
293,30/03/13,Evian Thonon Gaillard,Reims,2,2,D,2.0,3.1,4.2,-9.0,-9.0,-9.0,-9.0,30.0,31.0,30.0,31.0
294,30/03/13,Rennes,Nancy,0,2,A,1.73,3.5,5.0,2.0,0.0,-21.0,-19.0,42.0,42.0,24.0,27.0
295,30/03/13,Troyes,St Etienne,2,2,D,3.75,3.25,2.05,,,25.0,25.0,,,49.0,50.0
296,30/03/13,Valenciennes,Bastia,3,4,A,1.91,3.2,4.5,-4.0,-5.0,-19.0,-18.0,36.0,36.0,33.0,36.0
297,31/03/13,Brest,Lille,1,2,A,4.75,3.3,1.8,-14.0,-15.0,11.0,12.0,29.0,29.0,46.0,49.0
298,31/03/13,Lyon,Sochaux,1,2,A,1.5,4.0,7.0,18.0,17.0,-16.0,-15.0,53.0,53.0,28.0,31.0
299,31/03/13,Nice,Marseille,0,1,A,2.8,3.0,2.7,8.0,7.0,2.0,3.0,48.0,48.0,51.0,54.0
300,05/04/13,Marseille,Bordeaux,1,0,H,1.85,3.3,4.5,3.0,4.0,4.0,3.0,54.0,57.0,43.0,43.0
301,06/04/13,Bastia,Brest,4,0,H,1.85,3.3,4.5,-18.0,-14.0,-15.0,-19.0,36.0,39.0,29.0,29.0
302,06/04/13,Montpellier,Valenciennes,3,1,H,1.57,3.6,6.5,8.0,10.0,-5.0,-7.0,45.0,48.0,36.0,36.0
303,06/04/13,Nancy,Troyes,1,0,H,2.05,3.2,3.75,-19.0,-18.0,,,27.0,30.0,,
304,06/04/13,Rennes,Paris SG,0,2,A,3.3,3.2,2.25,0.0,-2.0,34.0,36.0,42.0,42.0,61.0,64.0
305,06/04/13,Sochaux,Ajaccio,0,0,D,2.05,3.2,3.8,-15.0,-15.0,-8.0,-8.0,31.0,32.0,35.0,36.0
306,06/04/13,Toulouse,Nice,3,4,A,2.0,3.2,4.0,2.0,1.0,7.0,8.0,41.0,41.0,48.0,51.0
307,07/04/13,Lille,Lorient,5,0,H,1.67,3.5,5.5,12.0,17.0,3.0,-2.0,49.0,52.0,44.0,44.0
308,07/04/13,Reims,Lyon,1,0,H,3.8,3.3,2.0,-9.0,-8.0,17.0,16.0,31.0,34.0,53.0,53.0
309,07/04/13,St Etienne,Evian Thonon Gaillard,1,0,H,1.45,4.1,7.5,25.0,26.0,-9.0,-10.0,50.0,53.0,31.0,31.0
310,12/04/13,Valenciennes,St Etienne,0,0,D,4.0,3.3,1.95,-7.0,-7.0,26.0,26.0,36.0,37.0,53.0,54.0
311,13/04/13,Ajaccio,Nancy,1,1,D,2.25,3.1,3.4,-8.0,-8.0,-18.0,-18.0,36.0,37.0,30.0,31.0
312,13/04/13,Bordeaux,Montpellier,4,2,H,2.25,3.1,3.4,3.0,5.0,10.0,8.0,43.0,46.0,48.0,48.0
313,13/04/13,Brest,Reims,0,2,A,2.5,3.1,2.9,-19.0,-21.0,-8.0,-6.0,29.0,29.0,34.0,37.0
314,13/04/13,Evian Thonon Gaillard,Rennes,4,2,H,2.5,3.1,2.9,-10.0,-8.0,-2.0,-4.0,31.0,34.0,42.0,42.0
315,13/04/13,Lorient,Bastia,4,1,H,1.95,3.3,4.0,-2.0,1.0,-14.0,-17.0,44.0,47.0,39.0,39.0
316,13/04/13,Troyes,Paris SG,0,1,A,5.5,3.8,1.62,,,36.0,37.0,,,64.0,67.0
317,14/04/13,Lille,Marseille,0,0,D,2.0,3.2,4.0,17.0,17.0,4.0,4.0,52.0,53.0,57.0,58.0
318,14/04/13,Lyon,Toulouse,3,1,H,1.91,3.3,4.2,16.0,18.0,1.0,-1.0,53.0,56.0,41.0,41.0
319,14/04/13,Nice,Sochaux,3,0,H,1.83,3.2,5.0,8.0,11.0,-15.0,-18.0,51.0,54.0,32.0,32.0
320,19/04/13,Montpellier,Lyon,1,2,A,2.3,3.25,3.1,8.0,7.0,18.0,19.0,48.0,48.0,56.0,59.0
321,20/04/13,Marseille,Brest,1,0,H,1.36,4.5,9.0,4.0,5.0,-21.0,-22.0,58.0,61.0,29.0,29.0
322,21/04/13,Bastia,Lille,1,2,A,3.4,3.2,2.2,-17.0,-18.0,17.0,18.0,39.0,39.0,53.0,56.0
323,21/04/13,Nancy,Evian Thonon Gaillard,3,1,H,2.15,3.1,3.6,-18.0,-16.0,-8.0,-10.0,31.0,34.0,34.0,34.0
324,21/04/13,Paris SG,Nice,3,0,H,1.45,4.0,8.0,37.0,40.0,11.0,8.0,67.0,70.0,54.0,54.0
325,21/04/13,Reims,Valenciennes,0,1,A,2.2,3.1,3.5,-6.0,-7.0,-7.0,-6.0,37.0,37.0,37.0,40.0
326,21/04/13,Sochaux,Bordeaux,2,2,D,3.0,3.0,2.5,-18.0,-18.0,5.0,5.0,32.0,33.0,46.0,47.0
327,21/04/13,Toulouse,Lorient,0,1,A,2.0,3.3,3.75,-1.0,-2.0,1.0,2.0,41.0,41.0,47.0,50.0
328,24/04/13,Rennes,Troyes,1,2,A,1.83,3.4,4.5,-4.0,-5.0,,,42.0,42.0,,
329,24/04/13,St Etienne,Ajaccio,4,2,H,1.44,4.1,8.0,26.0,28.0,-8.0,-10.0,54.0,57.0,37.0,37.0
330,26/04/13,Lille,Sochaux,3,3,D,1.33,4.75,9.5,18.0,18.0,-18.0,-18.0,56.0,57.0,33.0,34.0
331,27/04/13,Ajaccio,Montpellier,2,1,H,3.1,3.1,2.4,-10.0,-9.0,7.0,6.0,37.0,40.0,48.0,48.0
332,27/04/13,Bastia,Toulouse,0,0,D,2.55,3.1,2.88,-18.0,-18.0,-2.0,-2.0,39.0,40.0,41.0,42.0
333,27/04/13,Bordeaux,Reims,0,0,D,1.67,3.5,5.5,5.0,5.0,-7.0,-7.0,47.0,48.0,37.0,38.0
334,27/04/13,Brest,Rennes,0,2,A,2.8,3.0,2.7,-22.0,-24.0,-5.0,-3.0,29.0,29.0,42.0,45.0
335,27/04/13,Lorient,Marseille,0,1,A,3.1,3.1,2.4,2.0,1.0,5.0,6.0,50.0,50.0,61.0,64.0
336,27/04/13,Valenciennes,Nancy,0,0,D,2.25,3.1,3.4,-6.0,-6.0,-16.0,-16.0,40.0,41.0,34.0,35.0
337,28/04/13,Evian Thonon Gaillard,Paris SG,0,1,A,4.75,3.75,1.7,-10.0,-11.0,40.0,41.0,34.0,34.0,70.0,73.0
338,28/04/13,Lyon,St Etienne,1,1,D,2.3,3.1,3.3,19.0,19.0,28.0,28.0,59.0,60.0,57.0,58.0
339,28/04/13,Nice,Troyes,3,1,H,1.8,3.3,5.0,8.0,10.0,,,54.0,57.0,,
340,03/05/13,St Etienne,Bordeaux,0,0,D,1.53,3.8,6.5,28.0,28.0,5.0,5.0,58.0,59.0,48.0,49.0
341,04/05/13,Marseille,Bastia,2,1,H,1.53,4.0,6.0,6.0,7.0,-18.0,-19.0,64.0,67.0,40.0,40.0
342,04/05/13,Montpellier,Brest,2,1,H,1.45,4.2,7.5,6.0,7.0,-24.0,-25.0,48.0,51.0,29.0,29.0
343,04/05/13,Reims,Ajaccio,1,1,D,2.2,3.0,3.5,-7.0,-7.0,-9.0,-9.0,38.0,39.0,40.0,41.0
344,04/05/13,Sochaux,Lorient,1,0,H,2.0,3.2,4.0,-18.0,-17.0,1.0,0.0,34.0,37.0,50.0,50.0
345,04/05/13,Toulouse,Lille,4,2,H,3.75,3.4,2.0,-2.0,0.0,18.0,16.0,42.0,45.0,57.0,57.0
346,04/05/13,Troyes,Evian Thonon Gaillard,1,0,H,2.38,3.2,3.0,,,-11.0,-12.0,,,34.0,34.0
347,05/05/13,Nancy,Lyon,0,3,A,2.8,3.1,2.6,-16.0,-19.0,19.0,22.0,35.0,35.0,60.0,63.0
348,05/05/13,Paris SG,Valenciennes,1,1,D,1.2,6.5,12.0,41.0,41.0,-6.0,-6.0,73.0,74.0,41.0,42.0
349,05/05/13,Rennes,Nice,0,3,A,2.6,3.1,2.8,-3.0,-6.0,10.0,13.0,45.0,45.0,57.0,60.0
350,10/05/13,Lille,Reims,3,0,H,1.36,4.5,9.5,16.0,19.0,-7.0,-10.0,57.0,60.0,39.0,39.0
351,11/05/13,Ajaccio,Troyes,0,1,A,2.25,3.1,3.4,-9.0,-10.0,,,41.0,41.0,,
352,11/05/13,Bastia,Montpellier,3,1,H,2.3,3.1,3.25,-19.0,-17.0,7.0,5.0,40.0,43.0,51.0,51.0
353,11/05/13,Bordeaux,Nancy,3,2,H,2.2,3.1,3.5,5.0,6.0,-19.0,-20.0,49.0,52.0,35.0,35.0
354,11/05/13,Brest,Sochaux,0,2,A,2.7,3.1,2.7,-25.0,-27.0,-17.0,-15.0,29.0,29.0,37.0,40.0
355,11/05/13,Marseille,Toulouse,2,1,H,1.73,3.4,5.25,7.0,8.0,0.0,-1.0,67.0,70.0,45.0,45.0
356,11/05/13,Valenciennes,Rennes,4,1,H,2.15,3.1,3.6,-6.0,-3.0,-6.0,-9.0,42.0,45.0,45.0,45.0
357,12/05/13,Evian Thonon Gaillard,Nice,4,0,H,2.55,3.1,2.88,-12.0,-8.0,13.0,9.0,34.0,37.0,60.0,60.0
358,12/05/13,Lorient,St Etienne,3,1,H,3.6,3.25,2.1,0.0,2.0,28.0,26.0,50.0,53.0,59.0,59.0
359,12/05/13,Lyon,Paris SG,0,1,A,3.4,3.25,2.15,22.0,21.0,41.0,42.0,63.0,63.0,74.0,77.0
360,18/05/13,Evian Thonon Gaillard,Valenciennes,2,0,H,1.67,3.75,5.0,-8.0,-6.0,-3.0,-5.0,37.0,40.0,45.0,45.0
361,18/05/13,Montpellier,Lille,0,0,D,3.75,3.5,1.95,5.0,5.0,19.0,19.0,51.0,52.0,60.0,61.0
362,18/05/13,Nancy,Bastia,1,2,A,1.6,3.75,6.0,-20.0,-21.0,-17.0,-16.0,35.0,35.0,43.0,46.0
363,18/05/13,Paris SG,Brest,3,1,H,1.14,7.5,19.0,42.0,44.0,-27.0,-29.0,77.0,80.0,29.0,29.0
364,18/05/13,Reims,Lorient,1,0,H,2.05,3.2,3.8,-10.0,-9.0,2.0,1.0,39.0,42.0,53.0,53.0
365,18/05/13,Rennes,Ajaccio,1,1,D,2.38,3.2,3.0,-9.0,-9.0,-10.0,-10.0,45.0,46.0,41.0,42.0
366,18/05/13,Sochaux,Toulouse,1,2,A,2.1,3.1,3.8,-15.0,-16.0,-1.0,0.0,40.0,40.0,45.0,48.0
367,18/05/13,St Etienne,Marseille,2,0,H,1.8,3.6,4.33,26.0,28.0,8.0,6.0,59.0,62.0,70.0,70.0
368,18/05/13,Troyes,Bordeaux,1,0,H,2.0,3.4,3.7,,,6.0,5.0,,,52.0,52.0
369,19/05/13,Nice,Lyon,1,1,D,2.5,3.1,2.9,9.0,9.0,21.0,21.0,60.0,61.0,63.0,64.0
370,26/05/13,Ajaccio,Nice,0,2,A,3.5,3.3,2.1,-10.0,-12.0,9.0,11.0,42.0,42.0,61.0,64.0
371,26/05/13,Bastia,Sochaux,0,0,D,3.0,2.4,2.88,-16.0,-16.0,-16.0,-16.0,46.0,47.0,40.0,41.0
372,26/05/13,Bordeaux,Evian Thonon Gaillard,2,1,H,1.95,3.3,4.0,5.0,6.0,-6.0,-7.0,52.0,55.0,40.0,40.0
373,26/05/13,Brest,Nancy,1,2,A,2.6,3.1,2.8,-29.0,-30.0,-21.0,-20.0,29.0,29.0,35.0,38.0
374,26/05/13,Lille,St Etienne,1,1,D,1.91,3.4,4.0,19.0,19.0,28.0,28.0,61.0,62.0,62.0,63.0
375,26/05/13,Lorient,Paris SG,1,3,A,4.33,3.4,1.85,1.0,-1.0,44.0,46.0,53.0,53.0,80.0,83.0
376,26/05/13,Lyon,Rennes,2,0,H,1.33,5.0,9.0,21.0,23.0,-9.0,-11.0,64.0,67.0,46.0,46.0
377,26/05/13,Marseille,Reims,0,0,D,1.57,3.8,6.0,6.0,6.0,-9.0,-9.0,70.0,71.0,42.0,43.0
378,26/05/13,Toulouse,Montpellier,2,0,H,2.38,3.1,3.1,0.0,2.0,5.0,3.0,48.0,51.0,52.0,52.0
379,26/05/13,Valenciennes,Troyes,2,1,H,2.63,3.5,2.5,-5.0,-4.0,,,45.0,48.0,,
