,Date,HomeTeam,AwayTeam,FTHG,FTAG,FTR,B365H,B365D,B365A
0,10/08/2018,Marseille,Toulouse,4,0,H,1.4,4.5,8.0
1,11/08/2018,Angers,Nimes,3,4,A,2.3,3.2,3.3
2,11/08/2018,Lille,Rennes,3,1,H,2.5,3.1,3.1
3,11/08/2018,Montpellier,Dijon,1,2,A,1.72,3.5,5.5
4,11/08/2018,Nantes,Monaco,1,3,A,3.2,3.25,2.3
5,11/08/2018,Nice,Reims,0,1,A,1.85,3.5,4.5
6,11/08/2018,St Etienne,Guingamp,2,1,H,1.8,3.5,4.75
7,12/08/2018,Bordeaux,Strasbourg,0,2,A,1.7,3.6,5.0
8,12/08/2018,Lyon,Amiens,2,0,H,1.2,7.0,13.0
9,12/08/2018,Paris SG,Caen,3,0,H,1.08,12.0,23.0
10,17/08/2018,Reims,Lyon,1,0,H,4.75,4.0,1.7
11,18/08/2018,Amiens,Montpellier,1,2,A,3.2,3.0,2.5
12,18/08/2018,Caen,Nice,1,1,D,2.75,3.1,2.75
13,18/08/2018,Dijon,Nantes,2,0,H,2.6,3.25,2.8
14,18/08/2018,Guingamp,Paris SG,1,3,A,13.0,7.0,1.2
15,18/08/2018,Monaco,Lille,0,0,D,1.5,4.33,6.5
16,18/08/2018,Rennes,Angers,1,0,H,1.9,3.3,4.5
17,19/08/2018,Nimes,Marseille,3,1,H,4.75,3.8,1.72
18,19/08/2018,Strasbourg,St Etienne,1,1,D,2.6,3.2,2.8
19,19/08/2018,Toulouse,Bordeaux,2,1,H,2.6,3.1,2.9
20,24/08/2018,Lyon,Strasbourg,2,0,H,1.28,5.75,11.0
21,25/08/2018,Amiens,Reims,4,1,H,2.6,3.25,2.8
22,25/08/2018,Montpellier,St Etienne,0,0,D,2.4,3.1,3.2
23,25/08/2018,Nantes,Caen,1,1,D,1.95,3.25,4.33
24,25/08/2018,Nice,Dijon,0,4,A,1.9,3.4,4.33
25,25/08/2018,Paris SG,Angers,3,1,H,1.07,13.0,26.0
26,25/08/2018,Toulouse,Nimes,1,0,H,2.3,3.2,3.3
27,26/08/2018,Bordeaux,Monaco,2,1,H,3.1,3.3,2.37
28,26/08/2018,Lille,Guingamp,3,0,H,2.0,3.4,3.9
29,26/08/2018,Marseille,Rennes,2,2,D,1.5,4.33,6.5
30,31/08/2018,Lyon,Nice,0,1,A,1.33,5.25,9.5
31,01/09/2018,Angers,Lille,1,0,H,2.45,3.25,3.0
32,01/09/2018,Dijon,Caen,0,2,A,1.9,3.4,4.33
33,01/09/2018,Guingamp,Toulouse,1,2,A,2.04,3.4,3.75
34,01/09/2018,Nimes,Paris SG,2,4,A,11.0,7.0,1.22
35,01/09/2018,Reims,Montpellier,0,1,A,2.6,3.1,2.9
36,01/09/2018,Strasbourg,Nantes,2,3,A,2.3,3.1,3.4
37,02/09/2018,Monaco,Marseille,2,3,A,2.8,3.3,2.54
38,02/09/2018,Rennes,Bordeaux,2,0,H,2.1,3.3,3.75
39,02/09/2018,St Etienne,Amiens,0,0,D,1.61,3.75,6.0
40,14/09/2018,Nice,Rennes,2,1,H,2.5,3.25,2.8
41,14/09/2018,Paris SG,St Etienne,4,0,H,1.25,6.0,11.0
42,15/09/2018,Amiens,Lille,2,3,A,3.4,3.1,2.3
43,15/09/2018,Caen,Lyon,2,2,D,5.5,3.75,1.64
44,15/09/2018,Dijon,Angers,1,3,A,2.14,3.4,3.4
45,15/09/2018,Montpellier,Strasbourg,1,1,D,1.95,3.4,4.2
46,15/09/2018,Toulouse,Monaco,1,1,D,3.0,3.3,2.4
47,16/09/2018,Bordeaux,Nimes,3,3,D,1.83,3.4,4.5
48,16/09/2018,Marseille,Guingamp,4,0,H,1.28,5.75,10.0
49,16/09/2018,Nantes,Reims,0,0,D,1.9,3.25,4.33
50,21/09/2018,Monaco,Nimes,1,1,D,1.75,4.0,4.33
51,22/09/2018,Angers,Toulouse,0,0,D,2.14,3.2,3.6
52,22/09/2018,Lille,Nantes,2,1,H,1.85,3.5,4.5
53,22/09/2018,Montpellier,Nice,1,0,H,2.2,3.0,3.75
54,22/09/2018,Reims,Dijon,0,0,D,2.04,3.3,3.8
55,22/09/2018,St Etienne,Caen,2,1,H,1.64,3.5,6.5
56,22/09/2018,Strasbourg,Amiens,3,1,H,1.8,3.3,5.25
57,23/09/2018,Guingamp,Bordeaux,1,3,A,2.25,3.1,3.5
58,23/09/2018,Lyon,Marseille,4,2,H,1.95,3.5,3.8
59,23/09/2018,Rennes,Paris SG,1,3,A,7.5,4.5,1.4
60,25/09/2018,Monaco,Angers,0,1,A,1.75,3.8,4.75
61,25/09/2018,Nantes,Nice,1,2,A,2.4,3.2,3.1
62,25/09/2018,Toulouse,St Etienne,2,3,A,2.6,3.0,3.0
63,26/09/2018,Amiens,Rennes,2,1,H,3.25,3.1,2.4
64,26/09/2018,Bordeaux,Lille,1,0,H,2.45,3.2,3.0
65,26/09/2018,Caen,Montpellier,2,2,D,3.0,3.0,2.6
66,26/09/2018,Dijon,Lyon,0,3,A,5.75,4.2,1.57
67,26/09/2018,Marseille,Strasbourg,3,2,H,1.44,4.5,7.5
68,26/09/2018,Nimes,Guingamp,0,0,D,1.95,3.6,3.8
69,26/09/2018,Paris SG,Reims,4,1,H,1.12,9.0,21.0
70,28/09/2018,St Etienne,Monaco,2,0,H,1.95,3.4,4.0
71,29/09/2018,Angers,Guingamp,0,1,A,2.14,3.2,3.7
72,29/09/2018,Caen,Amiens,1,0,H,2.14,3.25,3.6
73,29/09/2018,Lyon,Nantes,1,1,D,1.3,5.75,9.5
74,29/09/2018,Nice,Paris SG,0,3,A,7.5,5.5,1.36
75,29/09/2018,Reims,Bordeaux,0,0,D,2.3,3.25,3.25
76,29/09/2018,Strasbourg,Dijon,3,0,H,1.95,3.5,4.0
77,30/09/2018,Lille,Marseille,3,0,H,3.1,3.4,2.3
78,30/09/2018,Montpellier,Nimes,3,0,H,1.85,3.6,4.33
79,30/09/2018,Rennes,Toulouse,1,1,D,1.95,3.5,4.0
80,05/10/2018,Toulouse,Nice,1,1,D,2.37,3.3,3.1
81,06/10/2018,Amiens,Dijon,1,0,H,2.4,3.25,3.1
82,06/10/2018,Angers,Strasbourg,2,2,D,2.37,3.1,3.3
83,06/10/2018,Guingamp,Montpellier,1,1,D,2.8,3.1,2.7
84,06/10/2018,Lille,St Etienne,3,1,H,2.0,3.4,3.9
85,06/10/2018,Nimes,Reims,0,0,D,2.3,3.3,3.2
86,07/10/2018,Bordeaux,Nantes,3,0,H,2.25,3.2,3.4
87,07/10/2018,Marseille,Caen,2,0,H,1.33,5.25,9.0
88,07/10/2018,Monaco,Rennes,1,2,A,2.0,3.5,3.75
89,07/10/2018,Paris SG,Lyon,5,0,H,1.33,5.5,8.5
90,19/10/2018,Lyon,Nimes,2,0,H,1.3,5.5,9.5
91,20/10/2018,Caen,Guingamp,0,0,D,2.1,3.25,3.75
92,20/10/2018,Dijon,Lille,1,2,A,3.3,3.5,2.14
93,20/10/2018,Nantes,Toulouse,4,0,H,2.0,3.3,4.0
94,20/10/2018,Paris SG,Amiens,5,0,H,1.08,11.0,26.0
95,20/10/2018,Reims,Angers,1,1,D,2.25,3.1,3.5
96,20/10/2018,Strasbourg,Monaco,2,1,H,2.7,3.25,2.7
97,21/10/2018,Montpellier,Bordeaux,2,0,H,2.14,3.25,3.6
98,21/10/2018,Nice,Marseille,0,1,A,3.5,3.5,2.04
99,21/10/2018,St Etienne,Rennes,1,1,D,2.14,3.2,3.75
100,26/10/2018,Nimes,St Etienne,1,1,D,2.62,3.3,2.7
101,27/10/2018,Amiens,Nantes,1,2,A,3.0,3.2,2.5
102,27/10/2018,Angers,Lyon,1,2,A,3.8,3.6,1.95
103,27/10/2018,Guingamp,Strasbourg,1,1,D,2.37,3.2,3.2
104,27/10/2018,Lille,Caen,1,0,H,1.5,4.0,7.5
105,27/10/2018,Monaco,Dijon,2,2,D,1.66,4.0,5.0
106,27/10/2018,Toulouse,Montpellier,0,3,A,2.8,3.1,2.7
107,28/10/2018,Bordeaux,Nice,0,1,A,2.3,3.3,3.25
108,28/10/2018,Marseille,Paris SG,0,2,A,6.0,5.0,1.44
109,28/10/2018,Rennes,Reims,0,2,A,1.7,3.4,5.75
110,02/11/2018,Paris SG,Lille,2,1,H,1.16,8.0,15.0
111,03/11/2018,Caen,Rennes,1,2,A,3.5,3.25,2.2
112,03/11/2018,Dijon,Nimes,0,4,A,2.14,3.4,3.4
113,03/11/2018,Lyon,Bordeaux,1,1,D,1.44,4.75,7.0
114,03/11/2018,Nice,Amiens,1,0,H,1.72,3.6,5.25
115,03/11/2018,Reims,Monaco,1,0,H,2.5,3.3,2.87
116,03/11/2018,Strasbourg,Toulouse,1,1,D,1.85,3.6,4.33
117,04/11/2018,Montpellier,Marseille,3,0,H,3.0,3.2,2.5
118,04/11/2018,Nantes,Guingamp,5,0,H,1.83,3.5,4.5
119,04/11/2018,St Etienne,Angers,4,3,H,1.95,3.3,4.2
120,09/11/2018,Lille,Strasbourg,0,0,D,1.72,3.75,5.0
121,10/11/2018,Angers,Montpellier,1,0,H,3.0,3.1,2.6
122,10/11/2018,Guingamp,Lyon,2,4,A,5.0,4.0,1.66
123,10/11/2018,Nimes,Nice,0,1,A,2.3,3.25,3.25
124,10/11/2018,St Etienne,Reims,2,0,H,1.8,3.5,4.75
125,10/11/2018,Toulouse,Amiens,0,1,A,2.14,3.2,3.6
126,11/11/2018,Bordeaux,Caen,0,0,D,1.85,3.5,4.5
127,11/11/2018,Marseille,Dijon,2,0,H,1.33,4.75,11.0
128,11/11/2018,Monaco,Paris SG,0,4,A,11.0,6.5,1.25
129,11/11/2018,Rennes,Nantes,1,1,D,2.14,3.3,3.6
130,23/11/2018,Lyon,St Etienne,1,0,H,1.57,4.2,5.75
131,24/11/2018,Caen,Monaco,0,1,A,3.25,3.25,2.3
132,24/11/2018,Dijon,Bordeaux,0,0,D,2.87,3.25,2.54
133,24/11/2018,Nantes,Angers,1,1,D,2.0,3.2,4.2
134,24/11/2018,Paris SG,Toulouse,1,0,H,1.14,9.0,15.0
135,24/11/2018,Reims,Guingamp,2,1,H,2.0,3.2,4.2
136,24/11/2018,Strasbourg,Nimes,0,1,A,2.1,3.4,3.6
137,25/11/2018,Amiens,Marseille,1,3,A,4.6,3.75,1.75
138,25/11/2018,Montpellier,Rennes,2,2,D,2.3,3.0,3.6
139,25/11/2018,Nice,Lille,2,0,H,2.6,3.1,3.0
140,30/11/2018,St Etienne,Nantes,3,0,H,2.04,3.4,3.75
141,01/12/2018,Angers,Caen,1,1,D,1.72,3.75,5.0
142,01/12/2018,Guingamp,Nice,0,0,D,2.7,3.2,2.75
143,01/12/2018,Lille,Lyon,2,2,D,2.75,3.3,2.6
144,01/12/2018,Monaco,Montpellier,1,2,A,2.54,3.3,2.8
145,01/12/2018,Nimes,Amiens,3,0,H,1.9,3.6,4.2
146,02/12/2018,Bordeaux,Paris SG,2,2,D,10.0,5.5,1.28
147,02/12/2018,Marseille,Reims,0,0,D,1.4,4.75,7.5
148,02/12/2018,Rennes,Strasbourg,1,4,A,1.7,3.75,5.0
149,02/12/2018,Toulouse,Dijon,2,2,D,2.0,3.4,3.75
150,04/12/2018,Amiens,Monaco,0,2,A,2.9,3.3,2.45
151,04/12/2018,Montpellier,Lille,0,1,A,2.1,3.2,3.75
152,04/12/2018,Nice,Angers,0,0,D,2.0,3.2,4.2
153,05/12/2018,Bordeaux,St Etienne,3,2,H,2.5,3.1,3.1
154,05/12/2018,Caen,Nimes,1,2,A,2.8,3.1,2.75
155,05/12/2018,Dijon,Guingamp,2,1,H,2.25,3.25,3.4
156,05/12/2018,Lyon,Rennes,0,2,A,1.53,4.2,6.5
157,05/12/2018,Nantes,Marseille,3,2,H,3.1,3.3,2.35
158,05/12/2018,Reims,Toulouse,0,1,A,1.95,3.2,4.5
159,05/12/2018,Strasbourg,Paris SG,1,1,D,8.0,5.75,1.33
160,08/12/2018,Guingamp,Amiens,1,2,A,2.0,3.2,4.2
161,08/12/2018,Rennes,Dijon,2,0,H,1.57,3.8,6.5
162,09/12/2018,Lille,Reims,1,1,D,1.8,3.4,5.0
163,09/12/2018,Strasbourg,Caen,2,2,D,1.75,3.5,5.25
164,15/12/2018,Reims,Strasbourg,2,1,H,2.25,3.1,3.5
165,16/12/2018,Lyon,Monaco,3,0,H,1.44,4.75,7.0
166,16/12/2018,Nice,St Etienne,1,1,D,2.25,3.1,3.5
167,16/12/2018,Nimes,Lille,2,3,A,2.5,3.0,3.2
168,18/12/2018,Caen,Toulouse,2,1,H,2.5,3.1,3.1
169,22/12/2018,Angers,Marseille,1,1,D,3.75,3.4,2.04
170,22/12/2018,Lille,Toulouse,1,2,A,1.72,3.5,5.5
171,22/12/2018,Monaco,Guingamp,0,2,A,1.9,3.5,4.33
172,22/12/2018,Montpellier,Lyon,1,1,D,3.3,3.3,2.25
173,22/12/2018,Paris SG,Nantes,1,0,H,1.14,9.0,15.0
174,22/12/2018,Reims,Caen,2,2,D,1.8,3.5,4.75
175,22/12/2018,Rennes,Nimes,4,0,H,1.83,3.5,4.5
176,22/12/2018,St Etienne,Dijon,3,0,H,1.53,4.33,6.0
177,22/12/2018,Strasbourg,Nice,2,0,H,2.37,3.2,3.1
178,23/12/2018,Bordeaux,Amiens,1,1,D,1.61,3.75,6.0
179,08/01/2019,Amiens,Angers,0,0,D,3.2,3.0,2.4
180,08/01/2019,Nantes,Montpellier,2,0,H,2.6,3.1,2.9
181,11/01/2019,Caen,Lille,1,3,A,3.8,3.25,2.1
182,11/01/2019,Lyon,Reims,1,1,D,1.45,4.5,7.5
183,12/01/2019,Amiens,Paris SG,0,3,A,17.0,7.5,1.16
184,12/01/2019,Guingamp,St Etienne,0,1,A,2.87,3.2,2.5
185,12/01/2019,Nice,Bordeaux,1,0,H,2.2,3.2,3.6
186,13/01/2019,Dijon,Montpellier,1,1,D,3.25,3.3,2.3
187,13/01/2019,Marseille,Monaco,1,1,D,1.57,4.0,6.0
188,13/01/2019,Nantes,Rennes,0,1,A,2.55,3.3,2.8
189,13/01/2019,Toulouse,Strasbourg,1,2,A,2.5,3.2,3.0
190,15/01/2019,Angers,Bordeaux,1,2,A,2.5,3.0,3.0
191,16/01/2019,Guingamp,Rennes,2,1,H,2.87,3.2,2.55
192,16/01/2019,Monaco,Nice,1,1,D,2.3,3.2,3.3
193,16/01/2019,Nimes,Nantes,1,0,H,2.37,3.25,3.1
194,16/01/2019,St Etienne,Marseille,2,1,H,2.25,3.5,3.1
195,16/01/2019,Toulouse,Lyon,2,2,D,5.25,3.75,1.66
196,18/01/2019,Lille,Amiens,2,1,H,1.65,3.6,5.75
197,19/01/2019,Monaco,Strasbourg,1,5,A,1.9,3.5,4.0
198,19/01/2019,Nimes,Toulouse,0,1,A,1.95,3.6,3.8
199,19/01/2019,Paris SG,Guingamp,9,0,H,1.1,10.0,26.0
200,19/01/2019,Reims,Nice,1,1,D,2.25,3.0,3.7
201,20/01/2019,Angers,Nantes,1,0,H,2.45,3.1,3.1
202,20/01/2019,Bordeaux,Dijon,1,0,H,1.66,3.6,5.75
203,20/01/2019,Caen,Marseille,0,1,A,4.33,3.6,1.85
204,20/01/2019,Rennes,Montpellier,0,0,D,2.05,3.4,3.8
205,20/01/2019,St Etienne,Lyon,1,2,A,3.1,3.5,2.25
206,23/01/2019,Nimes,Angers,3,1,H,2.05,3.4,3.8
207,25/01/2019,Marseille,Lille,1,2,A,2.3,3.25,3.2
208,26/01/2019,Dijon,Monaco,2,0,H,2.9,3.3,2.37
209,26/01/2019,Guingamp,Reims,0,1,A,2.5,3.1,3.1
210,26/01/2019,Nice,Nimes,2,0,H,2.1,3.2,3.75
211,26/01/2019,Strasbourg,Bordeaux,1,0,H,2.4,3.2,3.1
212,27/01/2019,Amiens,Lyon,0,1,A,6.5,4.2,1.53
213,27/01/2019,Montpellier,Caen,2,0,H,1.72,3.5,5.5
214,27/01/2019,Paris SG,Rennes,4,1,H,1.22,6.5,12.0
215,27/01/2019,Toulouse,Angers,0,0,D,2.2,3.2,3.5
216,30/01/2019,Nantes,St Etienne,1,1,D,2.75,3.1,2.75
217,01/02/2019,Lille,Nice,4,0,H,1.8,3.6,4.75
218,02/02/2019,Angers,Dijon,1,0,H,2.0,3.3,4.0
219,02/02/2019,Monaco,Toulouse,2,1,H,1.72,3.6,5.25
220,02/02/2019,Reims,Marseille,2,1,H,2.7,3.25,2.7
221,02/02/2019,Rennes,Amiens,1,0,H,1.6,3.75,6.5
222,03/02/2019,Lyon,Paris SG,2,1,H,3.8,3.8,1.85
223,03/02/2019,Nimes,Montpellier,1,1,D,2.6,3.1,2.9
224,05/02/2019,Marseille,Bordeaux,1,0,H,2.25,3.2,3.4
225,08/02/2019,Dijon,Marseille,1,2,A,4.33,3.5,1.85
226,09/02/2019,Amiens,Caen,1,0,H,2.1,3.1,4.0
227,09/02/2019,Paris SG,Bordeaux,1,0,H,1.25,6.5,11.0
228,09/02/2019,Strasbourg,Angers,1,2,A,2.05,3.2,4.0
229,10/02/2019,Guingamp,Lille,0,2,A,3.4,3.3,2.2
230,10/02/2019,Montpellier,Monaco,2,2,D,2.45,3.1,3.1
231,10/02/2019,Nantes,Nimes,2,4,A,1.9,3.3,4.2
232,10/02/2019,Nice,Lyon,1,0,H,4.75,4.0,1.7
233,10/02/2019,Rennes,St Etienne,3,0,H,2.15,3.4,3.4
234,10/02/2019,Toulouse,Reims,1,1,D,2.75,3.0,2.8
235,13/02/2019,Caen,Nantes,0,1,A,3.0,3.1,2.5
236,13/02/2019,St Etienne,Strasbourg,2,1,H,1.95,3.3,4.0
237,15/02/2019,Lyon,Guingamp,2,1,H,1.3,5.25,10.0
238,15/02/2019,Nimes,Dijon,2,0,H,1.75,3.8,4.5
239,16/02/2019,Angers,Nice,3,0,H,2.4,3.0,3.3
240,16/02/2019,Marseille,Amiens,2,0,H,1.4,4.5,9.0
241,16/02/2019,Monaco,Nantes,1,0,H,1.8,3.6,4.5
242,17/02/2019,Bordeaux,Toulouse,2,1,H,1.83,3.5,4.75
243,17/02/2019,Caen,Strasbourg,0,0,D,3.5,3.1,2.3
244,17/02/2019,Lille,Montpellier,0,0,D,1.85,3.3,4.75
245,17/02/2019,Reims,Rennes,2,0,H,2.5,3.1,3.1
246,17/02/2019,St Etienne,Paris SG,0,1,A,5.25,4.33,1.6
247,20/02/2019,Bordeaux,Guingamp,0,0,D,1.9,3.4,4.33
248,20/02/2019,Paris SG,Montpellier,5,1,H,1.25,6.0,12.0
249,22/02/2019,Dijon,St Etienne,0,1,A,3.5,3.3,2.15
250,22/02/2019,Strasbourg,Lille,1,1,D,2.75,3.1,2.7
251,23/02/2019,Amiens,Nice,1,0,H,2.7,2.9,3.0
252,23/02/2019,Guingamp,Angers,1,0,H,2.5,3.2,3.0
253,23/02/2019,Paris SG,Nimes,3,0,H,1.25,6.5,11.0
254,24/02/2019,Monaco,Lyon,2,0,H,3.4,3.5,2.1
255,24/02/2019,Montpellier,Reims,2,4,A,2.2,3.2,3.5
256,24/02/2019,Nantes,Bordeaux,1,0,H,1.95,3.4,4.2
257,24/02/2019,Rennes,Marseille,1,1,D,2.9,3.3,2.45
258,24/02/2019,Toulouse,Caen,1,1,D,1.85,3.5,4.5
259,02/03/2019,Angers,Monaco,2,2,D,3.3,3.3,2.25
260,02/03/2019,Caen,Paris SG,1,2,A,12.0,6.0,1.22
261,02/03/2019,Reims,Amiens,2,2,D,1.75,3.4,5.25
262,03/03/2019,Guingamp,Nantes,0,0,D,2.8,3.0,2.8
263,03/03/2019,Lille,Dijon,1,0,H,1.53,3.8,7.5
264,03/03/2019,Lyon,Toulouse,5,1,H,1.28,5.5,10.0
265,03/03/2019,Marseille,St Etienne,2,0,H,1.75,3.75,4.5
266,03/03/2019,Nice,Strasbourg,1,0,H,2.3,2.9,3.6
267,05/03/2019,Bordeaux,Montpellier,1,2,A,2.5,2.9,3.3
268,09/03/2019,Amiens,Nimes,2,1,H,2.45,3.2,3.1
269,09/03/2019,Dijon,Reims,1,1,D,3.1,3.1,2.45
270,09/03/2019,Monaco,Bordeaux,1,1,D,1.61,4.0,5.25
271,09/03/2019,Strasbourg,Lyon,2,2,D,4.75,3.8,1.75
272,10/03/2019,Marseille,Nice,1,0,H,1.5,4.5,6.0
273,10/03/2019,Montpellier,Angers,2,2,D,2.1,3.1,4.0
274,10/03/2019,Rennes,Caen,3,1,H,1.61,3.6,6.5
275,10/03/2019,St Etienne,Lille,0,1,A,2.45,3.3,3.0
276,10/03/2019,Toulouse,Guingamp,1,0,H,2.15,3.2,3.5
277,12/03/2019,Dijon,Paris SG,0,4,A,13.0,7.0,1.2
278,15/03/2019,Lille,Monaco,0,1,A,2.1,3.2,3.8
279,15/03/2019,Nice,Toulouse,1,1,D,2.05,3.1,4.0
280,16/03/2019,Angers,Amiens,0,0,D,2.1,3.1,4.0
281,16/03/2019,Caen,St Etienne,0,5,A,3.7,3.1,2.2
282,16/03/2019,Guingamp,Dijon,1,0,H,2.1,3.1,4.0
283,16/03/2019,Nimes,Strasbourg,2,2,D,2.37,3.2,3.2
284,17/03/2019,Bordeaux,Rennes,1,1,D,2.62,3.0,2.9
285,17/03/2019,Lyon,Montpellier,3,2,H,1.4,4.33,8.5
286,17/03/2019,Paris SG,Marseille,3,1,H,1.28,6.0,9.5
287,17/03/2019,Reims,Nantes,1,0,H,2.15,3.0,4.0
288,29/03/2019,Rennes,Lyon,0,1,A,4.0,3.6,1.9
289,30/03/2019,Marseille,Angers,2,2,D,1.53,3.75,7.5
290,31/03/2019,Amiens,Bordeaux,0,0,D,2.5,3.1,3.1
291,31/03/2019,Dijon,Nice,0,1,A,2.4,3.1,3.2
292,31/03/2019,Monaco,Caen,0,1,A,1.36,4.75,9.5
293,31/03/2019,Nantes,Lille,2,3,A,3.0,3.1,2.55
294,31/03/2019,Toulouse,Paris SG,0,1,A,10.0,6.5,1.25
295,01/04/2019,St Etienne,Nimes,2,1,H,1.75,3.75,4.75
296,03/04/2019,Montpellier,Guingamp,2,0,H,1.75,3.4,5.25
297,03/04/2019,Strasbourg,Reims,4,0,H,2.62,3.1,2.9
298,05/04/2019,Bordeaux,Marseille,2,0,H,3.6,3.4,2.1
299,06/04/2019,Amiens,St Etienne,2,2,D,3.0,3.1,2.55
300,06/04/2019,Angers,Rennes,3,3,D,2.7,3.2,2.7
301,06/04/2019,Guingamp,Monaco,1,1,D,3.75,3.4,2.05
302,06/04/2019,Lyon,Dijon,1,3,A,1.22,7.0,11.0
303,06/04/2019,Nimes,Caen,2,0,H,1.65,3.8,5.5
304,07/04/2019,Nice,Montpellier,1,0,H,2.62,3.0,3.0
305,07/04/2019,Paris SG,Strasbourg,2,2,D,1.1,11.0,21.0
306,07/04/2019,Reims,Lille,1,1,D,2.9,3.1,2.62
307,07/04/2019,Toulouse,Nantes,1,0,H,2.4,3.1,3.2
308,09/04/2019,Nimes,Rennes,3,1,H,2.7,3.25,2.7
309,12/04/2019,Dijon,Amiens,0,0,D,2.3,3.1,3.4
310,12/04/2019,Nantes,Lyon,2,1,H,3.75,4.0,1.83
311,13/04/2019,Caen,Angers,0,1,A,3.1,3.0,2.55
312,13/04/2019,Marseille,Nimes,2,1,H,1.57,4.33,5.5
313,13/04/2019,Monaco,Reims,0,0,D,1.9,3.4,4.0
314,13/04/2019,Strasbourg,Guingamp,3,3,D,2.0,3.25,4.2
315,14/04/2019,Lille,Paris SG,5,1,H,4.33,4.0,1.72
316,14/04/2019,Montpellier,Toulouse,2,1,H,1.85,3.4,4.75
317,14/04/2019,Rennes,Nice,0,0,D,1.8,3.6,4.5
318,14/04/2019,St Etienne,Bordeaux,3,0,H,1.72,3.6,5.25
319,17/04/2019,Nantes,Paris SG,3,2,H,4.5,4.2,1.7
320,19/04/2019,Dijon,Rennes,3,2,H,2.87,3.3,2.5
321,19/04/2019,Lyon,Angers,2,1,H,1.3,5.5,10.0
322,20/04/2019,Guingamp,Marseille,1,3,A,4.0,3.6,1.9
323,20/04/2019,Nice,Caen,0,1,A,1.83,3.3,5.0
324,20/04/2019,Nimes,Bordeaux,2,1,H,2.15,3.4,3.4
325,20/04/2019,Strasbourg,Montpellier,1,3,A,2.6,3.1,3.0
326,21/04/2019,Nantes,Amiens,3,2,H,1.95,3.25,4.33
327,21/04/2019,Paris SG,Monaco,3,1,H,1.5,4.5,6.5
328,21/04/2019,Reims,St Etienne,0,2,A,2.5,3.1,3.1
329,21/04/2019,Toulouse,Lille,0,0,D,3.75,3.1,2.15
330,26/04/2019,Bordeaux,Lyon,2,3,A,5.25,3.75,1.7
331,28/04/2019,Amiens,Strasbourg,0,0,D,2.1,3.1,3.75
332,28/04/2019,Angers,Reims,1,1,D,2.5,3.1,2.9
333,28/04/2019,Caen,Dijon,1,0,H,2.8,3.1,2.62
334,28/04/2019,Lille,Nimes,5,0,H,1.5,4.0,6.5
335,28/04/2019,Marseille,Nantes,1,2,A,1.5,3.8,7.5
336,28/04/2019,Nice,Guingamp,3,0,H,2.0,3.2,4.0
337,28/04/2019,St Etienne,Toulouse,2,0,H,1.5,4.0,6.5
338,30/04/2019,Montpellier,Paris SG,3,2,H,4.33,3.6,1.83
339,01/05/2019,Rennes,Monaco,2,2,D,3.5,3.3,2.15
340,03/05/2019,Strasbourg,Marseille,1,1,D,3.8,3.5,2.0
341,04/05/2019,Bordeaux,Angers,0,1,A,2.25,3.1,3.5
342,04/05/2019,Guingamp,Caen,0,0,D,1.9,3.3,4.5
343,04/05/2019,Paris SG,Nice,1,1,D,1.25,6.0,11.0
344,04/05/2019,Reims,Nimes,0,3,A,1.95,3.5,4.0
345,05/05/2019,Lyon,Lille,2,2,D,1.66,4.0,5.0
346,05/05/2019,Monaco,St Etienne,2,3,A,2.4,3.5,2.87
347,05/05/2019,Montpellier,Amiens,1,1,D,1.72,3.75,5.0
348,05/05/2019,Nantes,Dijon,3,0,H,1.9,3.5,4.2
349,05/05/2019,Toulouse,Rennes,2,2,D,2.3,3.3,3.25
350,10/05/2019,St Etienne,Montpellier,0,1,A,1.75,3.8,4.75
351,11/05/2019,Amiens,Toulouse,0,0,D,2.3,3.2,3.3
352,11/05/2019,Angers,Paris SG,1,2,A,6.0,4.33,1.53
353,11/05/2019,Caen,Reims,3,2,H,2.4,3.1,3.1
354,11/05/2019,Dijon,Strasbourg,2,1,H,2.05,3.5,3.6
355,11/05/2019,Nice,Nantes,1,1,D,2.5,3.1,3.1
356,11/05/2019,Nimes,Monaco,1,0,H,3.4,3.8,2.05
357,12/05/2019,Lille,Bordeaux,1,0,H,1.4,4.75,8.0
358,12/05/2019,Marseille,Lyon,0,3,A,3.0,3.8,2.2
359,12/05/2019,Rennes,Guingamp,1,1,D,1.95,3.5,4.0
360,18/05/2019,Bordeaux,Reims,0,1,A,2.37,3.1,3.3
361,18/05/2019,Guingamp,Nimes,2,2,D,2.8,3.4,2.5
362,18/05/2019,Lille,Angers,5,0,H,1.53,4.0,7.0
363,18/05/2019,Lyon,Caen,4,0,H,1.2,7.0,13.0
364,18/05/2019,Monaco,Amiens,2,0,H,1.61,3.8,6.0
365,18/05/2019,Montpellier,Nantes,1,1,D,1.8,3.8,4.33
366,18/05/2019,Paris SG,Dijon,4,0,H,1.3,5.5,10.0
367,18/05/2019,St Etienne,Nice,3,0,H,1.57,4.0,6.0
368,18/05/2019,Strasbourg,Rennes,0,2,A,2.3,3.3,3.25
369,18/05/2019,Toulouse,Marseille,2,5,A,3.4,3.3,2.2
370,24/05/2019,Amiens,Guingamp,2,1,H,1.53,4.0,6.5
371,24/05/2019,Angers,St Etienne,1,1,D,2.62,3.4,2.62
372,24/05/2019,Caen,Bordeaux,0,1,A,1.72,3.6,5.25
373,24/05/2019,Dijon,Toulouse,2,1,H,1.5,4.5,6.0
374,24/05/2019,Marseille,Montpellier,1,0,H,1.85,4.2,3.75
375,24/05/2019,Nantes,Strasbourg,0,1,A,1.65,3.8,5.5
376,24/05/2019,Nice,Monaco,2,0,H,3.1,3.5,2.25
377,24/05/2019,Nimes,Lyon,2,3,A,3.4,3.8,2.0
378,24/05/2019,Reims,Paris SG,3,1,H,6.5,5.0,1.45
379,24/05/2019,Rennes,Lille,3,1,H,2.62,3.6,2.5
